AtBat,Hits,HmRun,Runs,RBI,Walks,Years,CAtBat,CHits,CHmRun,CRuns,CRBI,CWalks,PutOuts,Assists,Errors,Hits_per_AtBat,HmRun_per_AtBat,Runs_per_AtBat,RBI_per_AtBat,Efficiency
1.000433986684403,0.6799117686826271,-1.1050380279926486,0.14780125532554075,-0.18985565990020423,-1.4052759602129234,-1.1109940317862708,-0.6988760445509943,-0.686169557314225,-0.7944952310074616,-0.6925557106600712,-0.7696641749950152,-0.8889118601290747,-0.14168089906716627,2.453171804023052,2.1359745984741068,-0.4049627370175222,-1.4282293318583075,-0.9302126299158999,-1.0807933936477296,-0.49182064508026146
-0.7236188913316688,-0.7353482198461985,-0.6484556652214608,-0.6583874100865003,-1.1363171098478093,-0.7404044888537352,-0.8994720493065637,-0.896032982993736,-0.8537032835870679,-0.7367277638959157,-0.8628975635647494,-0.9115848021028448,-0.8131646232247143,-0.3039217683528486,-0.8003591406947796,-1.0162015482550741,-0.3918553092480647,-0.49189353700229577,-0.174305701680082,-1.3143890272362175,0.2142074621132103
1.2576515531626073,1.1592740228617455,0.3788546510137119,0.6315144545727653,1.2692724087690204,0.01944862127105118,-0.47642808434714967,-0.1306508071177645,-0.13527036731793982,-0.15905309278045643,-0.29313343488358423,-0.057041451645061844,-0.47230205715509266,0.09009177134095138,-0.6653873329444766,-0.7009839335821559,0.28971573061085676,-0.17134588407277201,-0.43374694516596407,0.4223035101951463,-0.460755031430115
-0.1535691494069999,0.06358887045233216,-0.3060188931430699,0.2687295551373469,-0.268727447395838,-0.45545957255694036,-0.05338411938773558,0.15217039060468393,0.1635735768444286,-0.3670159743820217,0.2531352658107288,-0.2593538349689892,-0.34353175441768,-0.2509451579738503,-0.757736464563105,-0.543375126245697,0.9178359658932623,-0.2890475181001338,1.0108376024579042,-0.24539011151803408,-0.4273368929640724
-1.0294992406571009,-0.8494820898888457,-0.5343100745286639,-0.2149836441098777,-0.6630863848740068,0.06693944065385034,1.6387917404499206,1.5710115895288697,1.4117753032195735,0.9500822757612253,1.921310652877233,0.824678189109965,2.125828168664468,-0.8369989102915192,-0.4238588348649869,-0.07054870423631979,0.4267039694841886,-0.07058073533131579,2.161418474750547,0.25150327145131807,-0.38715318295331747
-1.919332984149267,-1.7168995022129645,-0.42016448383586685,-1.5451949420397455,-1.1757530035956263,-1.310294321447325,0.15813786309197145,-0.832753354279581,-0.8235170266009701,-0.5518718691389687,-0.8746452775581756,-0.7636249993734053,-0.7677162810820981,-0.3370321498397226,-0.6511797742339184,-1.0162015482550741,-0.35270115525195106,1.9572843208534385,-0.21401005060892705,1.1851819668695351,1.8142872666369436
0.8753011165058172,0.6799117686826271,1.6344561486344786,1.2764653869023983,1.78193902749064,2.6314436873250044,1.6387917404499206,1.7216773721816199,1.5989300965333801,2.5329108746175835,2.1063371482736937,1.8543576325944315,2.7658923205063135,-0.07877117424210577,-0.7364251264972677,-0.543375126245697,-0.11029378930836752,1.1674587593310102,1.0993572016398458,1.4482712418849104,-0.42637162092121556
1.494013641277714,2.1179985312199823,0.9495826044776967,1.7601785861496229,2.2946056462122595,0.9692650089270343,1.2157477754905066,1.922278099942139,2.1694503535706287,3.2261204799561347,2.1709495752375374,2.881017488268093,1.1562635362886553,0.08678073319226398,-0.693802450365593,-0.07054870423631979,2.124934340351611,0.20965268951221253,0.9559527188253351,1.3088606440116874,-0.576035526807433
0.9448193777161427,0.725565316699686,-0.7626012559142578,1.5586314197966127,0.24393917132578147,1.3017007446066282,-0.47642808434714967,-0.5133418950557502,-0.5382568980823458,-0.6905137902066789,-0.3459981478540016,-0.6307631356979904,-0.22991089906113946,0.5238377688190001,-0.7435289058525467,-0.22815751157277883,-0.148128851754544,-1.107562496152975,1.457285569623979,-0.5180064180011144,-0.10624385516860617
1.5982910330932023,2.346266271305277,-0.6484556652214608,1.4780125532554085,0.1650673838301477,0.8267925507786368,-0.2649061018674426,0.17584644216440182,0.22092746511801448,-0.6096393362505146,0.16209048236167664,-0.3167260033742821,0.05792860117542998,0.20928914469369758,2.261369761430516,1.1903217544553526,2.406007407722115,-1.0960236005299004,0.4240895834532315,-1.0147544226887804,-0.5218683652119425
-0.5428714121848226,-0.712521445837669,0.49300024170650886,-0.8599345764395105,0.007323808838880182,-0.2180054756429446,-0.47642808434714967,-0.49741436946103096,-0.5654245293698338,-0.00885767829043703,-0.49871842976854075,-0.34994146929313585,-0.16931310953765114,1.3979518400724724,-0.18943411614077627,-0.858592740918615,-0.9793133090651064,1.1721049457607438,-1.0915517892676956,0.8418446680565187,-0.06299367272250415
-0.6262933256372132,-0.5527340277779629,-0.3060188931430699,-0.45684024373349,-0.42647102238710555,-0.5504412113225386,1.4272697579702136,1.3876298083572365,1.2336763870015963,0.37240760464576605,1.1342138153176853,1.144754497055283,1.0464300427773328,-0.8138216432507074,0.1941699690442956,2.293583405810566,0.10396154803506642,0.003765066658031483,0.19507521862622274,0.08891062062912977,-0.38451906473546693
-1.3145241116194355,-1.2375372480338462,-1.1050380279926486,-0.9808628762513167,-0.8997017473609081,-0.8828769470021327,-1.1109940317862708,-1.048420660305375,-1.006143881366862,-0.8060487244297707,-0.9774377750006538,-0.9146043899136497,-0.8775497745934207,-0.6449586976676502,-0.757736464563105,-0.858592740918615,-0.5015524668413933,-1.1036052316646066,0.2958294829106233,0.2063192296550766,1.1342354517299662
-0.522015933821725,-0.3701198357097273,0.03641787893532101,-0.1343647775686736,-0.34759923489147176,-0.40796875317414116,-1.1109940317862708,-0.9984857151976063,-0.9533179316411908,-0.6905137902066789,-0.9216361335318799,-0.878369336183991,-0.8548256035221126,-0.5257613243149041,-0.3883399380885913,-0.07054870423631979,0.5279869232770593,0.4505983313114082,0.8450925049392449,0.09169154980935067,0.3656131060679321
0.771023724690329,0.8396991867423333,-1.3333292093782425,0.5105861547609593,0.08619559633451394,1.7766089384346198,0.36965984557167847,0.8943069885856597,0.6691933813615671,-0.6789602967843696,0.6408098275937897,0.11809464138162158,1.0199185098608068,-0.2476341198251629,2.4105491278913775,1.0327129471188936,0.6219187598010748,-1.6368466214722772,-0.05728380945775333,-0.5841470350272638,-0.470580434817138
1.3202179882519003,1.022313378810569,1.2920193765560877,0.5912050213021633,0.9143493650386685,0.5418476344818418,-0.2649061018674426,0.04455197442414799,-0.05980472485269526,0.7074589138927324,0.012307128945494036,0.14829051948967045,0.23593460790067686,0.03711516096195305,-0.7364251264972677,-0.3857663189092379,-0.20210990890084407,0.5761501075609048,-0.5595858250829648,-0.028271246332736807,-0.4054066892062731
-1.182439415319817,-1.328844344067964,-1.1050380279926486,-0.5374591102746942,-1.1363171098478093,-1.1203310439161285,0.15813786309197145,-0.5645682611576854,-0.5880642221094071,-0.7482812573182248,-0.5838893562208799,-0.6428414869412099,-0.5783481888211972,-0.668135964708462,0.13023595484678363,0.2446689104365983,-1.793448185023913,-1.147088435125318,1.5801956399349915,-0.748853246401213,0.5337390621347443
-0.4316421942483018,-0.2788127396756095,-0.6484556652214608,-0.25529307738047974,-0.38703512863928863,-1.02534940515053,0.5811818280513855,0.1302162337038546,0.12433144276250145,0.10667725593265481,0.041676413929059256,0.28115238316508545,-0.14280157662112503,-0.4827178283819679,-0.7790478026289422,-0.543375126245697,0.5678660634412384,-0.6329141515117949,0.3164901735932651,-0.11413946838151215,-0.1783809538673377
1.1811814658312494,0.8396991867423333,-0.3060188931430699,1.236155953631796,0.32281095882141525,1.7291181190518206,0.15813786309197145,0.23094707124883623,0.1982877723784411,0.2915331506896017,0.30893690727950274,0.25699568067864637,0.27759558819807506,3.3448422715006605,0.12313217549150451,0.5598865251095164,-0.37550810432262083,-0.7406660658269253,0.5885784034948723,-0.5931357551051395,-0.3684557874914132
-1.5161270691293793,-1.534285310144729,-0.8767468466070547,-1.2630289091455311,-1.609547834821612,-1.1203310439161285,-0.8994720493065637,-0.9201395082181761,-0.9065292333127392,-0.7482812573182248,-0.9010776340433843,-0.8995064508596252,-0.8018025376890603,-0.6846911554518991,-0.7932553613395005,-1.0162015482550741,-1.5888994352851302,-0.4031854601875044,-0.2735972337310969,-1.767651365586042,0.538160979583899
-0.6958115868475386,-0.8266553158803162,-0.9908924372998517,-1.4645760754985413,-0.8602658536130913,-0.26549629502574373,-0.8994720493065637,-0.997624767868162,-0.9804855629286788,-0.7944952310074616,-1.012680916980932,-0.9025260386704301,-0.8093772613794963,0.5437039977111244,-0.47358529035194064,-0.3857663189092379,-0.9628105649107904,-1.0719275253393985,-2.6040021961970616,-0.7411329109592708,1.4864612761799152
0.5346616365752224,0.10924241846939106,0.7212914230921028,-0.17467421083927565,0.7566057900474009,0.11443026003664948,-0.05338411938773558,0.1590579692402382,0.06848686733822049,0.44172856517962117,-0.07873765450355814,0.21472145132737797,-0.07462906340720069,-0.6946242698979612,1.1105575058753006,1.1903217544553526,-0.9970449809755942,0.5027844551310003,-0.9972059056949293,0.5282258011100057,-0.38451906473546693
1.2228924225574447,1.5245024069982167,-0.5343100745286639,0.5105861547609593,1.0326570462821192,0.7793017313958376,-0.2649061018674426,0.16852838986412538,0.23300196791245362,-0.4594439217604952,0.0034963434504244706,0.006369892381840778,-0.15416366215677907,-0.07877117424210577,2.5952473911286345,-0.543375126245697,1.3259877871937964,-0.9470404021873978,-0.5825871642260881,0.1855816397060525,-0.5257744431739795
1.0282412911685332,1.4560220849726284,0.15056346962811798,1.5989408530672147,1.2298365150212036,2.4889712291766073,1.2157477754905066,1.475876909625276,1.681942303245149,0.6496914467811864,1.774464227959407,1.706397829864992,2.493202267650616,2.96407288440161,0.2510002038865285,-0.543375126245697,1.6657629904097784,-0.29067824901770434,1.387542806940136,0.5987846487645971,-0.5100688431064285
1.1881332919522818,1.022313378810569,2.2051841020984635,1.4780125532554085,1.9396826024819074,1.0642466476926324,-0.8994720493065637,-0.7216911487812678,-0.7027719986565789,-0.21682055989200233,-0.6367540691912973,-0.48884250859016065,-0.6200091691185954,3.1428689444307296,-0.018943411614077657,0.4022777177730573,0.09125955109147287,1.4446197373988776,0.9545359748779089,1.2560340932008258,-0.23262497577739497
1.2576515531626073,1.136447248853216,0.9495826044776967,1.6392502863378167,0.8354775775430348,1.0167558283098335,0.5811818280513855,0.8792404103203847,0.8970996216066057,0.245319177000365,1.0549167458620592,0.5649936373807448,1.2017118784312717,-0.09201532683685534,2.183228188522446,0.4022777177730573,0.23050894940289102,0.317154361727063,1.1029593108221245,-0.06656860171958788,-0.478233985222321
0.26354041785495297,0.24620306252056773,1.8627473300200725,1.195846520361194,1.348144196264654,1.2542099252238292,0.15813786309197145,0.026472080505817955,0.036791297502817774,0.6265844599365681,0.20027055284031142,0.25699568067864637,0.19048626575806063,-0.3767646076239713,-0.7932553613395005,-1.0162015482550741,0.18687583400019472,1.985809169602055,2.101086612330577,1.7505522084091645,-0.2853107445859343
1.2715552054046724,1.182100796870275,0.03641787893532101,0.7121333211139695,1.072092940029936,0.5418476344818418,0.36965984557167847,0.18101212614106754,0.23300196791245362,0.12978424277727318,-0.005314442044645095,0.42911218589452493,0.13746319992500836,-0.40656395096215786,-0.7151137884314304,-0.7009839335821559,0.31679323464453235,-0.4684473987537638,-0.3259152706843425,0.1881060107237381,-0.31264906437033446
0.49990250597005964,0.360336932563215,1.7486017393272755,0.8733710541963777,1.6241954524993725,1.4441732027550258,-0.6879500668268567,-0.3665503753854993,-0.3843069874532468,0.4186215783350028,-0.21383636542795814,0.024487419246670097,0.03141706825890384,-0.2575672342712251,-0.7364251264972677,-0.3857663189092379,-0.11139463134121301,1.6063836420105857,1.0070688404484676,1.7707484627147925,-0.4216199501428196
0.6458908545117431,0.771218864716745,0.9495826044776967,0.4299672882197551,1.0326570462821192,-0.2180054756429446,0.7927038105310925,1.2769980765236455,1.281974398179353,1.7703803087451775,1.3603573096911374,1.519183385595089,0.36091754879287147,-0.34365422613709734,-0.7293213471419885,-0.858592740918615,0.7643249283585801,0.6638319555204943,-0.032220471827141044,0.7706786515302798,-0.5151812824254903
-1.6551635915500302,-1.5571120841532584,-1.1050380279926486,-1.6661232418515515,-1.6884196223172458,-1.2153126826817269,-0.8994720493065637,-1.0613348702470393,-1.0287835741064353,-0.8060487244297707,-1.018554773977645,-0.9810353217513572,-0.9116360312003828,0.09340280948963876,-0.6724911122997557,-1.0162015482550741,-0.8922669196863464,-0.9452486977217226,-1.9082398812146555,-1.8951927162039583,3.220496104241202
-2.670130205220782,-2.356049174451789,-1.2191836186854457,-2.109527007828174,-1.925034984804147,-1.927674973423714,-1.3225160142659778,-1.1375287089028587,-1.089156088078631,-0.8176022178520799,-1.0655456299513495,-1.0021724364269913,-0.9760211825690891,1.285376543017101,-0.31019836518052113,-0.07054870423631979,-1.7856377580473037,1.366144363234077,-0.957844657734533,0.7872032683707375,11.565538714286145
-0.23699106285939048,-0.3244662876926684,-0.3060188931430699,-0.45684024373349,-0.38703512863928863,0.35188435695064524,-0.47642808434714967,-0.6041718383121226,-0.6076852891503707,-0.20526706646969314,-0.539835428745532,-0.4767641573469411,-0.3851927347150782,-0.5125171717201545,-0.8003591406947796,-0.3857663189092379,-0.35048767594682045,-0.24521665294982012,-0.5533518331659041,-0.3567122128559751,0.013836212418376768
0.8544456381427196,1.2734078929043928,0.03641787893532101,1.3570842534436023,-0.07154797865675358,1.6816272996690216,-0.6879500668268567,-0.47589068622492375,-0.3858163003025517,-0.3901229612266401,-0.3518720048507147,-0.5069600354549899,-0.3208075833463719,-0.1781023187027276,-0.7293213471419885,-1.1738103555915331,1.6498958525063974,-0.3351699208771272,1.269133934093231,-0.8437282431630251,-0.42049382434528576
-0.2300392367383579,-0.2559859656670801,1.0637281951704938,-0.2149836441098777,-0.22929155364802112,0.8742833701614359,1.6387917404499206,1.8615813132163166,1.8811715993533946,1.8397012692790327,2.0710940062934156,1.8724751594592608,2.508351715031488,-0.5522496295044033,-0.7719440232736632,0.08706010310013926,-0.09368818229261754,1.6015139269002512,0.01746323767334961,-0.08410553742955115,-0.4761928167822546
-0.24394288898042302,-0.09619854760737395,-0.9908924372998517,-0.25529307738047974,-0.939137641108725,0.589338453864641,0.15813786309197145,-0.32909916655467275,-0.35110210476853926,-0.7251742704736064,-0.46347528778826247,-0.5220579745090144,-0.22991089906113946,-0.3138548827989108,0.9400668013486019,-0.858592740918615,0.6127788193760596,-1.1717094309063472,-0.05424731325238398,-1.336090252027811,0.06154272756427029
-0.2995574979486834,-0.5983875757950218,-0.7626012559142578,-0.6986968433571024,-0.3081633411436549,-0.2180054756429446,-0.05338411938773558,-0.16939343694275744,-0.2409222667692822,-0.35546248095971256,-0.25201643590659295,-0.23519713248255017,-0.04811753049067455,-0.4429853705977192,1.210010416849208,-0.858592740918615,-1.2851846495210262,-0.844390667174767,-1.0470634864447654,-0.13866489297165993,-0.17933607022155246
-1.3492832422245982,-1.2147104740253167,-0.9908924372998517,-1.182410042604327,-1.4912401535781614,-1.4052759602129234,-1.3225160142659778,-1.0557387126056514,-1.0136904456133864,-0.7944952310074616,-0.9979962744891494,-0.9689569705081377,-0.9343602022716909,-0.668135964708462,-0.7648402439183841,-0.858592740918615,-0.1312473166381232,-0.8178490801887259,-0.44257013898024955,-1.5723117180607076,0.1859351551339501
-0.16747280164906497,-0.027718225581785615,-0.19187330245027293,-0.6583874100865003,0.32281095882141525,-0.5504412113225386,1.4272697579702136,1.5262423283977666,1.781556951299272,0.8576543283827518,1.4514020931401896,1.413497812216918,1.1827750692051815,-0.7674671091690839,0.40017957034738977,2.4511922131470247,0.6055893760000545,-0.13138939958782497,-1.1373070231054179,0.7980162102610641,-0.4925446165889678
-0.4316421942483018,0.06358887045233216,-0.3060188931430699,-0.37622137719228593,-0.11098387240457047,0.20941189880224778,0.36965984557167847,-0.14227359606526238,-0.10206548463323221,-0.2514810401589299,-0.34012429085728857,-0.03892392478023252,0.05792860117542998,-0.17479128055404022,-0.7435289058525467,-0.7009839335821559,2.088837920865807,-0.13094791653155385,0.0006767588728971771,0.4186542382320403,-0.09725983480549748
-0.8000889786630269,-0.712521445837669,-0.5343100745286639,-0.8196251431689084,-0.584214597378373,-1.2628035020645259,-0.6879500668268567,-0.4380090037293751,-0.479393696959455,-0.6442998165174422,-0.48990764427347117,-0.6488806625628196,-0.551836655904671,-0.3337211116910352,-0.7861515819842214,-0.858592740918615,0.05946713702432356,-0.2500487014516342,-0.4986300981965721,0.02355176234550172,-0.33991938586354736
-0.8696072398733523,-0.48425370575237453,-0.8767468466070547,-0.8599345764395105,-0.5447787036305561,0.16192107941944864,-1.3225160142659778,-1.0260360297398234,-0.9653924344356299,-0.7829417375851524,-0.9745008465022973,-0.8964868630488203,-0.8093772613794963,-0.668135964708462,-0.7790478026289422,-1.0162015482550741,1.6314521392805783,-0.8158850573079499,-0.47531540216247625,0.2368582355643123,-0.23262497577739497
-1.689922722155193,-1.5571120841532584,-0.42016448383586685,-1.4645760754985413,-0.8208299598652744,-0.9303677663849319,1.4272697579702136,-0.22965975000385758,-0.2756364623032947,-0.1821600796250748,-0.1785932234476799,-0.2019816665636964,0.14882528546066243,-0.8965975969678923,-0.7861515819842214,-1.3314191629279921,-0.6368703952938044,1.2159948139987597,-0.6980604211959148,1.7178146067691928,0.6586907441722581
-1.5161270691293793,-1.6027656321703174,-1.2191836186854457,-1.2630289091455311,-1.7278555160650626,-0.977858585767731,-1.1109940317862708,-1.0535863442820406,-1.031802199805045,-0.8176022178520799,-0.9833116319973668,-0.984054909562162,-0.8889118601290747,-0.7542229565743344,0.09471705807038808,-0.22815751157277883,-2.1496036551573225,-1.328431331151084,-0.2735972337310969,-2.1885378226251646,1.9590361748158036
0.1453593737973997,0.2690298365290972,-0.6484556652214608,0.10749182205493871,-0.22929155364802112,-1.3577851408301242,0.36965984557167847,0.4259516413679673,0.4835479008970655,-0.4594439217604952,0.28250455079429404,-0.10233526880713514,-0.555624017749889,-0.2641893105685999,1.2242179755597662,-0.07054870423631979,0.6393708724616717,-0.829438668037078,0.08931307102318906,-0.49506542708567575,-0.4140210210505782
1.0212894650475006,0.9081795087679216,1.9768929207128694,1.236155953631796,1.5453236650037385,1.3966823833722266,-0.2649061018674426,0.06650613132497732,0.1348966327076357,0.5226030191357854,0.11803655488632882,0.42005342246211025,0.2283598842102408,3.0269826092266707,-0.06866986710103141,0.2446689104365983,0.17646930546398365,1.3716043468426342,0.8112645233218396,0.9834155672424055,-0.49182064508026146
-1.3492832422245982,-1.169056926008258,0.03641787893532101,-1.303338342416133,-0.62365049112619,-1.0728402245333293,-1.1109940317862708,-1.0527253969525965,-1.0076531942161668,-0.6905137902066789,-1.000933202987506,-0.8995064508596252,-0.9078486693551648,-0.34034318798840996,-0.7648402439183841,-0.858592740918615,0.1996307716437125,1.6391435436619277,-0.957844657734533,1.1597582662283346,1.1695958017725296
-1.0155955884150358,-0.9407891859229635,-0.7626012559142578,-0.9405534429807146,-1.0180094286043588,-0.45545957255694036,1.4272697579702136,0.5374443205310026,0.38242393999363783,-0.44789042833818604,0.4499094752006158,-0.03288474915862275,0.466963680458976,-0.717801536938773,0.3717644529262733,0.8751041397824345,-0.18532077853632345,-0.5267915882150643,-0.4064808730752802,-0.6851379488433957,-0.05791349256216835
-0.8557035876312873,-0.5755608017864923,0.49300024170650886,-0.416530810462888,-0.268727447395838,0.25690271818504695,-1.1109940317862708,-0.9614649800315019,-0.9246409875043978,-0.5403183757166595,-0.8922668485483146,-0.799860053103064,-0.741204748165572,-0.5158282098688419,-0.7790478026289422,-1.0162015482550741,1.0610955086346354,1.6235435904946218,0.9045046743345195,0.8603837143784803,0.1460067215930652
-0.41078671588520416,-0.507080479760904,1.4061649672488845,0.5912050213021633,0.48055453381268276,2.204026312879812,-0.05338411938773558,-0.7535461999707065,-0.7722003897246038,-0.08973213224660131,-0.6308802121945842,-0.5401755013738437,-0.27157187935853766,-1.0058618558745762,-0.8074629200500587,-1.3314191629279921,-0.521279481749416,2.343862358254751,2.4638377812413426,1.5178731478899001,1.0857177621366818
1.341073466614998,1.4560220849726284,2.5476208741768542,1.4780125532554085,2.2157338587166255,0.4943568150990427,-0.2649061018674426,0.08630791990219593,0.0035864148181101673,0.4070680849126936,-0.011188299041358138,0.19962351227335354,-0.13143949108547096,-0.6151593543294638,1.5651993846131635,1.9783657911376478,0.8555577201420161,1.6180731371188386,0.7444632741902723,1.3922925937501898,-0.436899113741458
0.34696233130734355,-0.09619854760737395,-0.42016448383586685,-0.0537459110274695,-0.7419581723696406,0.4943568150990427,-1.1109940317862708,-0.9274575605184525,-0.9095478590113489,-0.7367277638959157,-0.8863929915516017,-0.8934672752380155,-0.7601415573916621,-0.04897183090391921,2.0837752775485385,-0.3857663189092379,-1.2031316313259697,-0.6292205073986218,-0.5366011034034005,-1.4201645335051771,0.05745576011126404
-1.3006204593773703,-1.2147104740253167,-1.1050380279926486,-1.101791176063123,-1.0574453223521756,-0.40796875317414116,-1.3225160142659778,-1.0527253969525965,-1.0136904456133864,-0.8060487244297707,-0.9921224174924365,-0.9357415045892838,-0.8548256035221126,0.04373723725932785,-0.5517268632600109,-1.1738103555915331,-0.42076564388473014,-1.1085426519406036,-0.24934219444739328,-0.3068895725598277,0.1859351551339501
-1.5439343736135094,-1.5114585361361996,-1.2191836186854457,-1.5855043753103475,-1.2151888973434433,-0.40796875317414116,-1.1109940317862708,-1.045837818317042,-1.019727697010606,-0.7829417375851524,-1.012680916980932,-0.9236631533460643,-0.8093772613794963,0.0735365805975144,-0.6014533187469646,-0.543375126245697,-1.2326508977972734,-1.3216155236301736,-1.7615969917766654,-0.29958700162269347,1.5023990962907725
-1.1407284585936217,-1.0777498299741401,-1.3333292093782425,-0.9808628762513167,-1.609547834821612,-0.9303677663849319,-0.2649061018674426,-0.31015832530689846,-0.3254437863303561,-0.7829417375851524,-0.16390858095589728,-0.7002136553465027,-0.19582464245417727,-0.6052262398834015,0.26520776259708667,-0.3857663189092379,-0.38459748465308635,-1.6368466214722772,-0.23056737324452647,-2.1163355433841433,-0.21713886525872061
-1.3770905467087284,-1.1462301519997284,-0.42016448383586685,-0.8196251431689084,-0.7813940661174574,-1.5477484183613208,-0.47642808434714967,-0.8202696180026388,-0.8054052724093115,-0.4594439217604952,-0.7277988526403495,-0.6881353041032832,-0.7866530903081882,-0.8138216432507074,-0.7790478026289422,-0.7009839335821559,0.5490703136584324,0.589761328163654,1.2172003027307023,0.7405581710779979,0.6694209022067376
-1.3840423728297608,-1.328844344067964,-0.6484556652214608,-1.2630289091455311,-1.0574453223521756,-1.4052759602129234,-0.05338411938773558,-0.5822176814112933,-0.6303249818899441,-0.5172113888720411,-0.7013664961551408,-0.612645608833161,-0.7298426626299179,0.3814631284254421,-0.48068906970721975,-0.543375126245697,-0.7597534892322971,0.04129539939303859,-0.6892620245930027,-0.13018297635376913,0.4658218446147162
-1.105969327988459,-1.123403377991199,-0.3060188931430699,-1.0614817427925207,-1.0574453223521756,-0.3129871144085429,-0.6879500668268567,-0.5710253661285175,-0.5925921606573218,-0.26303453358123907,-0.589763213217593,-0.47072498172533134,-0.24506034644201152,-0.5356944387609662,-0.7080100090761512,-1.0162015482550741,-0.8458897450173354,0.46770853584242206,-0.6171440196510996,-0.6516122766339421,-0.20247047532813073
1.4244953800673885,1.2049275708788045,1.8627473300200725,3.0500804508088883,0.8749134712908516,2.2515171322626113,0.15813786309197145,0.6067505805512677,0.6888144484025307,0.36085411122345684,1.4602128786352593,0.2479369172462317,1.70164364200005,0.4046403954662539,-0.7790478026289422,-0.3857663189092379,0.03419172750279371,0.9907704901457829,2.9389188903447345,-0.15194578872862036,-0.5287770548787364
1.3688807710991282,0.8396991867423333,2.433475283484057,1.236155953631796,2.5706569024469776,1.1117374670754316,-1.1109940317862708,-0.8460980378859674,-0.8340822165461044,-0.3901229612266401,-0.7747897086140538,-0.6186847844547708,-0.7184805770942638,0.05035931355670264,-0.7790478026289422,0.8751041397824345,-0.766533246139249,1.5012789575458634,0.3489487745506355,1.7502579378326253,-0.23262497577739497
0.034130155860878905,0.22337628851203828,-0.07772771175747596,0.47027672149035715,-0.42647102238710555,-0.360477933791342,-1.3225160142659778,-0.9700744533259448,-0.9186037361071783,-0.7020672836289881,-0.877582206056532,-0.8874280996164057,-0.8510382416768946,2.1131360801889496,-0.2959908064699629,0.4022777177730573,0.850438776168646,-0.09854976901240428,1.0704172959894356,-0.702712348061399,-0.4216199501428196
-0.5498232383058551,-0.7810017678632574,-0.8767468466070547,-0.9002440097101125,-1.3334965785868937,-0.9303677663849319,-0.05338411938773558,-0.3144630619541199,-0.35412073046714904,-0.6789602967843696,-0.21677329392631467,-0.6851157162924782,-0.2980834122750638,-0.27081138686597467,-0.7861515819842214,-0.858592740918615,-1.2745128099452696,-0.9324413287633792,-1.1910964974998464,-1.8689758830213865,-0.06154809300208341
-1.6065008087028023,-1.4886317621276701,-0.9908924372998517,-1.5048855087691433,-1.4912401535781614,-1.2628035020645259,0.5811818280513855,0.6132076855220998,0.6405164372247742,-0.17060658620276561,0.6290621136003636,0.08487917546276784,0.5578603647442084,-0.7906443762098957,-0.8074629200500587,-1.3314191629279921,-0.6217933196141018,-0.6416693765405201,-1.1885198783396482,-1.1983127085835077,-0.40825613409719397
-0.43859402036933437,-0.5299072537694334,-0.07772771175747596,0.30903898840794897,-0.7419581723696406,0.25690271818504695,-0.47642808434714967,-0.49310963281380954,-0.5276917081372114,-0.34390898753740334,-0.2373317934148103,-0.585469318535917,-0.15037630031156105,-0.39331979836740827,-0.7506326852078259,-0.7009839335821559,-0.5224619974889999,0.20910960147957036,1.809482610634059,-0.7917724725492526,-0.12194801808449117
1.1742296397102168,1.022313378810569,0.7212914230921028,2.042344619043837,-0.11098387240457047,1.1117374670754316,-1.1109940317862708,-0.7247044644343229,-0.7193744399989327,-0.41322994807125846,-0.5780154992241668,-0.7364487090761613,-0.5972849980472873,0.070225542448827,-0.7151137884314304,-0.858592740918615,0.12327428973251908,0.1586479882647392,1.8530439029058203,-1.087512586233194,-0.45132264417857276
1.215940596436412,0.7027385426911567,-1.2191836186854457,0.06718238878433666,0.2833750650735984,-0.360477933791342,-0.8994720493065637,-0.5434750515863004,-0.5563686522740044,-0.7482812573182248,-0.6338171406929407,-0.5250775623198193,-0.6503080638803396,-0.5654937820991528,1.8280392207584906,1.8207569838011888,-0.8096046429598809,-1.538132384950788,-1.2585700400755562,-0.6615501056510468,-0.42754626579241123
0.8196865075375568,0.7940456387252744,0.9495826044776967,0.5105861547609593,1.348144196264654,0.16192107941944864,-0.6879500668268567,-0.7948716717840323,-0.7857842053683479,-0.574978855983587,-0.7806635656107669,-0.7002136553465027,-0.6843943204873016,-0.6515807739650251,0.9116516839274855,2.293583405810566,0.3590365301057872,0.553434710943106,-0.12015268578659088,0.9733615878376495,0.2632722667010038
0.8683492903847847,0.56577789863998,1.0637281951704938,0.2687295551373469,0.8749134712908516,-0.02804219811174797,-0.2649061018674426,-0.008826760001397831,-0.08244441759226863,0.2915331506896017,-0.26963800689673206,0.14527093167886557,-0.12386476739503492,1.924406905713768,-0.06156608774575231,-0.07054870423631979,-0.42076564388473014,0.6324590658342294,-0.5892802450144554,0.326683896018986,-0.39320538314433123
0.9517712038371753,0.6342582206655683,2.0910385114056664,1.11522765381999,1.427015983760288,0.6368292732474402,-1.3225160142659778,-0.9132519295826218,-0.8914361048196903,-0.48255090860511357,-0.8305913500828277,-0.745507472508576,-0.7715036429273161,-0.48602886653065536,-0.7648402439183841,0.8751041397824345,-0.42076564388473014,1.5329771957177636,0.7145710333827643,0.9187473787253957,-0.49182064508026146
-0.8417999353892222,-0.6668678978206101,0.15056346962811798,-0.6986968433571024,-0.0321120849089367,-0.5979320307053378,-0.47642808434714967,-0.4358566354057644,-0.4114746187407349,0.014249308554181338,-0.4517275737948364,-0.16574661283403777,-0.45715260977422056,1.2125337037459782,-0.40254749679914953,-0.543375126245697,0.49882904296239394,0.9934327161960544,-0.026574280458765667,1.3830270415401567,-0.2627320336520064
1.29241068376777,0.9538330567849805,1.0637281951704938,1.3973936867142043,1.348144196264654,1.0642466476926324,-0.05338411938773558,0.385917590548808,0.3054489846790884,0.3493006178011477,0.43522483270883316,0.4109946590296956,0.3495554632572174,0.22253329728844717,-0.7648402439183841,-0.3857663189092379,-0.3180333342165795,0.3974375939739632,0.6877094505452754,0.47874375401552305,-0.4804269908486972
-0.06319540983357677,-0.48425370575237453,-1.2191836186854457,-0.6583874100865003,-0.939137641108725,-0.26549629502574373,-0.6879500668268567,-0.6769218876501649,-0.6922068087114446,-0.7944952310074616,-0.7953482081025495,-0.796840465292259,-0.6919690441777377,-0.3337211116910352,1.8138316620479322,1.1903217544553526,-1.51774407743333,-1.4920323354077574,-1.2743330677308184,-1.4664077592788527,-0.01787863995534292
0.6389390283907106,0.9994866048020394,0.6071458323993059,0.2687295551373469,1.2692724087690204,1.7291181190518206,0.5811818280513855,1.2752761818647569,1.4389429345070617,2.3480549798606365,1.5248253055991026,2.053650428107554,1.705431003845268,2.4541730095037515,-0.18233033678549715,0.7174953324459754,1.48270246953661,0.3226808291542935,-0.3127972972199114,1.0935262666092063,-0.5794786556899773
0.6458908545117431,0.2690298365290972,-0.42016448383586685,0.10749182205493871,-0.7419581723696406,-0.977858585767731,-0.05338411938773558,0.2998228576043792,0.2360205936110634,-0.41322994807125846,0.0005594149520679486,-0.16574661283403777,-0.35489383995333407,-0.4926509428280301,1.8280392207584906,3.23923624982932,-0.7693216945445267,-0.7165751906751685,-0.6112117321478142,-1.5840792482349733,-0.4558590206823345
0.013274677497781263,-0.1190253216159034,0.7212914230921028,-0.2149836441098777,1.3087083025168373,-1.02534940515053,-0.2649061018674426,-0.7367577270465429,-0.7465420712864207,-0.49410440202742273,-0.7806635656107669,-0.5945280819683316,-0.7374173863203539,-0.47278471393590576,-0.7364251264972677,-0.858592740918615,-0.35673460643019056,0.8990124322797556,-0.39337520550247435,2.13637363098261,0.666625305477448
-0.18832828001216262,-0.5755608017864923,1.0637281951704938,-0.49714967700409207,0.32281095882141525,-0.3129871144085429,-0.47642808434714967,-0.383769321974385,-0.479393696959455,0.49949603229116707,-0.3724305043392103,-0.10837444442874491,-0.3851927347150782,-1.0058618558745762,-0.8074629200500587,-1.3314191629279921,-1.5242792681012782,1.549837960702817,-0.7267020101373102,0.8308001298221588,-0.18689293213411684
0.8683492903847847,0.3375101585546855,-1.2191836186854457,0.5105861547609593,-0.268727447395838,0.4468659957162435,-0.6879500668268567,-0.4070148998693808,-0.48694026120597944,-0.6905137902066789,-0.4517275737948364,-0.5703713794818925,-0.39276745840551425,-0.3138548827989108,1.8351430001137696,1.3479305617918116,-1.0756285269425307,-1.5287844458862532,-0.18135458433398097,-1.0988564082833454,-0.33234381884723896
0.11060024319223694,0.017935322435273276,-0.6484556652214608,0.026872955513734607,-0.62365049112619,-0.9303677663849319,-0.8994720493065637,-0.8912977726817924,-0.8703057249294218,-0.7367277638959157,-0.8364652070795408,-0.8723301605623812,-0.8624003272125486,-0.2575672342712251,-0.757736464563105,-0.7009839335821559,-0.1525688163603415,-0.819803728258615,-0.02444761779538938,-1.0809066373543472,0.2997311907254721
1.3202179882519003,1.4788488589811577,1.1778737858632906,1.11522765381999,1.9002467087340906,0.7318109120130385,-1.3225160142659778,-0.8904368253523481,-0.8355915293954093,-0.574978855983587,-0.8305913500828277,-0.7092724187789173,-0.7639289192368801,3.0402267618214203,0.1799624103337374,1.0327129471188936,0.9640540110132156,0.4799328584725057,0.22737362823653326,1.065938907577293,-0.5902458968775869
-0.8626554137523198,-0.9864427339400224,-1.3333292093782425,-0.9405534429807146,-1.0180094286043588,-0.5504412113225386,-1.3225160142659778,-1.0256055560751014,-0.9985973171203375,-0.8291557112743891,-0.9803747034990103,-0.9327219167784789,-0.8661876890577666,-0.6515807739650251,0.6488118477821586,1.1903217544553526,-1.1333691252336482,-1.6368466214722772,-0.747918001945751,-0.8921874208965406,0.010864331146993348
-0.612389673395148,-0.5983875757950218,-0.5343100745286639,-1.222719475874929,-0.5447787036305561,-0.12302383687734628,1.4272697579702136,0.3389959610940943,0.16508288969373353,-0.0319646651350554,-0.128665438975619,0.23887815381381705,0.4404521475424499,1.0867142540958572,-0.5020004077730571,0.2446689104365983,-0.1737887851315035,-0.36891709459626076,-2.001480032227335,-0.17986277368712947,0.09609617966695917
-1.3562350683456308,-1.1462301519997284,-0.42016448383586685,-0.9002440097101125,-1.0574453223521756,-1.1203310439161285,-0.8994720493065637,-0.8646084054690195,-0.838610155094019,-0.632746323095133,-0.7836004941091234,-0.8481734580759421,-0.74499211001079,-0.8667982536297058,-0.1397076606538225,0.7174953324459754,0.4104064769194018,0.5576467904285205,0.7861614057415033,-0.19135064427125079,0.1460067215930652
-1.2728131548932402,-1.2147104740253167,-0.19187330245027293,-0.9808628762513167,-0.5053428098827393,-0.5029503919397394,-0.47642808434714967,-0.6355964158368391,-0.6439087975336881,-0.3670159743820217,-0.6455648546863668,-0.5462146769954535,-0.49502622822640074,-0.8403099484402066,0.15865107226790007,1.8207569838011888,-0.5779327358186023,0.9566455925923018,0.15858346623308062,1.2901525154784932,0.0911051254743485
-0.9599809794467754,-0.8951356379059046,-0.42016448383586685,-1.142100609333725,-0.8602658536130913,-0.5979320307053378,-0.05338411938773558,-0.5701644187990732,-0.5835362835614925,-0.4594439217604952,-0.6749341396699321,-0.5190383866982096,-0.49502622822640074,-0.701246346195336,-0.7719440232736632,-0.858592740918615,-0.19242854805627457,0.08562367918948093,-1.214509701038553,-0.3726377626953649,0.3365475551815527
-1.0225474145360685,-0.8494820898888457,0.15056346962811798,-0.49714967700409207,-0.62365049112619,0.11443026003664948,1.8503137229296276,1.892575417076311,1.6894888674916735,2.7755342364860764,1.7627165139659808,2.3948638507285063,2.7696796823515313,-0.8701092917783931,0.030783043872876104,-0.07054870423631979,0.38962717389929763,1.2605704614279947,1.152902264141737,0.3389730365733168,-0.4095522250470369
1.1603259874681517,1.4103685369555694,1.0637281951704938,0.7121333211139695,1.427015983760288,-0.17051465626014542,-0.05338411938773558,0.47029042883434813,0.5303365992255171,0.7883333678488966,0.3735493342433462,0.7673060207046722,0.016267620878031772,-0.02910560201179484,-0.7009062297208721,-0.543375126245697,1.1867504016845218,0.4652470678221708,-0.20210869689491717,0.6961342688944365,-0.5456107879544052
0.8544456381427196,0.8853527347593922,0.15056346962811798,0.6718238878433674,0.717169896299584,2.0140630353486157,-0.2649061018674426,-0.005813444348342825,-0.016034652222853416,0.06046328224341807,-0.037620655526566835,0.02146783143586521,0.11473902885370026,-0.002617296822295682,-0.7435289058525467,0.08706010310013926,0.5323959973111855,-0.22669686249419813,0.10894992577005708,0.14314114279689513,-0.42754626579241123
1.9041713824186344,2.985415943544101,2.2051841020984635,2.526057818291062,2.41291332745571,0.5418476344818418,-0.47642808434714967,-0.1887647518552539,0.01717023046185419,0.245319177000365,-0.0464314410216364,0.19962351227335354,-0.3321696688820259,3.5534376748679666,-0.09708498452214785,-0.3857663189092379,3.0905375547856018,0.9757998925484653,1.4673198547086936,1.021265394055766,-0.5279884827911807
-0.9182700227205801,-0.6896946718291396,-0.7626012559142578,-0.7793157098983065,-0.8997017473609081,-0.40796875317414116,1.0042257930107996,0.9778188795417556,0.9544535098801915,-0.2745880270035483,0.7788454670165462,0.3022894978407197,0.5464982792085544,-0.8005774906559578,-0.16812277807493894,-0.858592740918615,0.7594374265412088,-0.5841376046932968,-0.10032138113607614,-0.5334652480199064,-0.3993733723014718
0.19402215664462752,0.4516440285973327,-0.42016448383586685,0.9136804874669797,-0.268727447395838,0.7793017313958376,-1.1109940317862708,-0.8585817741629096,-0.8129518366558359,-0.7251742704736064,-0.7277988526403495,-0.8179775799678933,-0.6465207020351215,-0.06883805979604359,-0.7506326852078259,-0.858592740918615,1.1235560135165408,-0.57778715586818,1.6767105189743359,-0.6010179069408638,-0.28619733295853456
0.10364841707120438,0.1320691924779205,0.15056346962811798,-0.25529307738047974,0.3622468525692321,0.25690271818504695,-0.6879500668268567,-0.4948315274726981,-0.5035427025483332,-0.35546248095971256,-0.4693491447849755,-0.39523528645520917,-0.21097408983504934,-0.307232806501536,-0.7293213471419885,-0.22815751157277883,0.2823502937141719,0.13764805130875046,-0.6143283118983438,0.4767407701560742,-0.31499904734272405
0.49990250597005964,0.42881725458880326,-0.9908924372998517,0.2687295551373469,-0.34759923489147176,0.4943568150990427,-0.2649061018674426,-0.41390247850493506,-0.4416608757268327,-0.7482812573182248,-0.4341060028046973,-0.7304095334545516,-0.42685371501247643,-0.8833534443731427,-0.004735852903519439,-0.22815751157277883,0.10698490692479899,-1.2764877033075144,-0.12653510081095617,-0.961321521574249,-0.08675580573052637
1.556580076367007,1.6158095030323345,0.26470906032091496,0.5508955880315612,0.9537852587864853,0.20941189880224778,-0.2649061018674426,0.20856244068328475,0.2662068505971612,0.02580280197649052,0.37942319124005924,0.030526594868279872,-0.06326697787154663,0.017248932069828686,2.6875965227472625,-0.543375126245697,0.7510942521134394,-0.36285044614230855,-0.8433392091224697,-0.16488172615423136,-0.5361592899816875
1.2506997270415747,1.38754176294704,0.6071458323993059,1.155537087090592,1.111528833777753,0.6843200926302393,-0.47642808434714967,-0.4371480563999308,-0.41298393159003977,-0.32080200069278497,-0.42823214580798424,-0.3831569352119896,-0.4647273334646566,-0.6449586976676502,1.266840651691441,2.6088010204834835,0.8988448449940079,0.026903100757830173,0.3740913624416338,0.25063034692803576,-0.2612104151815224
0.27049224397598554,0.5429511246314506,0.7212914230921028,0.5508955880315612,0.9932211525343022,-0.40796875317414116,-0.2649061018674426,-0.5361569992860239,-0.4944868254525039,-0.28614152042585744,-0.45466450229319294,-0.398254874266014,-0.4647273334646566,-0.23438996723041333,-0.757736464563105,-0.22815751157277883,1.1829076244902992,0.6867346381873909,0.7861614057415033,1.2106123043974328,-0.010854981603268322
1.327169814372933,1.4103685369555694,-0.8767468466070547,0.7927521876551736,-0.0321120849089367,-0.3129871144085429,0.7927038105310925,0.7518202055626302,0.614858118786591,-0.6096393362505146,0.3999816907285549,0.0033503045710358914,-0.24506034644201152,-0.07214909794473097,2.183228188522446,2.6088010204834835,0.7725400541317051,-1.2526255527219692,-0.2644505522503737,-1.082470887544238,-0.34491231248434895
-0.6541006301213433,-0.30163951368413894,-0.7626012559142578,-0.6986968433571024,-0.7813940661174574,-0.7404044888537352,1.2157477754905066,0.8422196751542803,0.9121927500996546,-0.17060658620276561,0.7377284680395549,0.5649936373807448,0.671481220100749,-0.47278471393590576,-0.7861515819842214,-0.858592740918615,1.4535409379156532,-0.7135969659800323,-0.43812332544191723,-0.623039975946745,-0.34072418314086217
-1.2936686332563379,-1.3973246660935523,-0.5343100745286639,-0.9002440097101125,-1.294060684839077,-1.5477484183613208,-0.6879500668268567,-0.8469589852154117,-0.8537032835870679,-0.4594439217604952,-0.8188436360894016,-0.7817425262382347,-0.8586129653673306,0.010626855772453897,-0.629868436168081,-1.1738103555915331,-1.7353198920873927,0.20369624012194007,0.5571099181421157,-1.0383734492417558,0.6029516830780367
-0.5289677599427575,-0.5299072537694334,1.1778737858632906,-0.0537459110274695,0.40168274631704903,-0.17051465626014542,0.5811818280513855,0.6937062608251408,0.5997649902935421,1.620184894255158,0.6231882566036505,1.1024802677040146,0.2851703118885111,0.5933695699414354,-0.4664815109966615,-0.3857663189092379,-0.18285215609492333,2.2018391020973134,1.0817179888739092,1.610166245289608,-0.39519406576937366
0.4859988537279945,1.0679669268276277,-0.6484556652214608,0.2687295551373469,-0.15041976615238734,-0.5979320307053378,-0.2649061018674426,-0.29939648368884486,-0.2409222667692822,-0.49410440202742273,-0.33718736235893204,-0.2502950715365746,-0.30565813596549984,1.7952764179149596,-0.21074545420661359,0.08706010310013926,2.192594140597097,-0.9130813524309994,-0.10704254537280962,-0.6770245139067933,-0.28972023173008343
0.6041798977855478,0.9766598307935099,1.0637281951704938,0.5912050213021633,0.24393917132578147,-0.3129871144085429,1.4272697579702136,1.491373961555273,1.6804329903958442,0.5688169928250222,1.8155812269363982,1.123617382379649,1.292608562716504,-0.6880021936005865,-0.7719440232736632,-0.858592740918615,1.519766817747772,0.8084460375028972,0.31842372511196054,-0.23871688899494323,-0.47581353009935684
1.4662063367935838,1.2734078929043928,1.9768929207128694,1.3973936867142043,1.2298365150212036,1.5866456609034232,0.7927038105310925,1.0139786673784157,0.9997328953593383,2.244073539059854,1.3163033822157897,1.4708699806222107,1.3569937140852104,-0.002617296822295682,-0.7648402439183841,-0.3857663189092379,0.11421680260027431,1.05801988108994,0.4668530208841237,0.19762790531162047,-0.456369322214885
1.3063143360098353,1.752770147083511,0.9495826044776967,1.155537087090592,1.072092940029936,-0.17051465626014542,-0.47642808434714967,-0.4186376888168787,-0.3978908030969909,-0.3670159743820217,-0.42823214580798424,-0.4224115767524531,-0.6692448731064297,-0.002617296822295682,-0.7222175677867094,-0.543375126245697,1.7000593276425622,0.2940105260546513,0.3049121296243843,0.15850357655464692,-0.2761308209180181
-0.612389673395148,-0.712521445837669,0.15056346962811798,-0.7793157098983065,0.32281095882141525,-0.7878953082365344,-0.8994720493065637,-0.8745092997576289,-0.867287099230812,-0.5518718691389687,-0.871708349059819,-0.7273899456437467,-0.7715036429273161,0.6430351421717463,-0.5304155251941735,0.7174953324459754,-0.7226262490275637,0.7178796427260389,-0.747918001945751,1.6328439777935362,0.283260711889857
-1.460512460161119,-1.3744978920850228,-0.19187330245027293,-1.343647775686735,-0.8997017473609081,-0.8353861276193335,-0.2649061018674426,-0.6566896254082242,-0.7088092500537985,-0.34390898753740334,-0.6925557106600712,-0.5915084941575268,-0.5783481888211972,-0.015861449417045263,-0.7151137884314304,-0.543375126245697,-0.6447083914589,1.3194657468914914,-0.8305834208055821,0.5890220259870769,0.5091690305495573
1.4383990323094535,1.79842369510057,0.8354370137848998,2.1229634855850414,1.8213749212384567,1.539154841520624,-0.2649061018674426,0.028624448829428672,0.04131923605073244,-0.0319646651350554,0.10041498389618969,0.0939379388951825,0.1033769433180462,2.9077852358739245,-0.12550010194326428,0.7174953324459754,1.4781220078409036,0.14033328914902454,1.5602427855548422,0.8588641204176635,-0.45397889116320245
-0.5984860211530829,-0.6668678978206101,-0.5343100745286639,-0.7793157098983065,-0.6630863848740068,-0.45545957255694036,-1.3225160142659778,-1.0092475568156598,-0.977466937230069,-0.7482812573182248,-0.9686269895055842,-0.905545626481235,-0.8586129653673306,-0.8568651391836436,0.05919816129399254,2.7664098278199427,-0.557109335625471,-0.3769166499708728,-0.773082711472482,-0.44524470561454005,-0.1597743200808001
-0.382979411401074,-0.39294660971825673,-0.07772771175747596,-0.17467421083927565,-0.268727447395838,0.06693944065385034,0.5811818280513855,-0.16078396364831457,-0.1684752500026474,-0.3323554941150942,-0.20502557993288859,-0.18688372750967197,0.03899179194933988,-0.8071995669533326,0.4428022464790644,-0.3857663189092379,-0.1226901246997998,0.166673826239298,0.4211563052917767,0.04530495367155845,0.06566292239494331
1.6260983375773324,1.5245024069982167,2.2051841020984635,1.3973936867142043,2.5312210086991604,0.6843200926302393,1.4272697579702136,1.7500886340532815,1.959655867517249,2.0245571640359796,1.8008965844446156,2.2891782773503353,0.8949355689686121,-0.08539325053948055,-0.7435289058525467,0.08706010310013926,0.37987362350210674,1.1398593282797522,0.27897596891428844,1.4155364751185315,-0.5193192876678279
1.556580076367007,1.592982729023805,1.5203105579416816,1.7601785861496229,1.1509647275255699,1.3491915639894274,-0.2649061018674426,0.23611275522550196,0.3039396718297835,0.7074589138927324,0.4822156886825375,0.4140142468405005,0.2056357131389327,-0.21121270018960156,2.6165587291944714,0.7174953324459754,0.6959479040664651,0.6381465487598097,0.8742425200584745,0.042093272655544675,-0.54736257421659
-0.20223193225422773,-0.30163951368413894,-0.7626012559142578,-0.7390062766277044,-1.0180094286043588,0.9692650089270343,-0.05338411938773558,-0.29853553635940056,-0.3118599706866121,-0.5287648822943503,-0.539835428745532,-0.41033322550923357,0.11095166700848223,1.4972829845330942,-0.35282104131219577,1.0327129471188936,-0.3745400286100617,-0.8740547938062245,-1.2811541596980047,-1.5065667184387788,-0.10949686034403949
0.42343241863870157,0.47447080260586216,1.8627473300200725,0.5105861547609593,1.6636313462471892,0.4943568150990427,1.2157477754905066,1.3635232831327964,1.2472602026453403,1.5970779074105397,1.1019076018357636,1.5252225612166987,0.7320790096242373,-1.0058618558745762,-0.8074629200500587,-1.3314191629279921,0.473460913670059,1.8062378696134571,0.4469447091278989,1.9471553953210419,-0.42810913221759783
-0.0006289747442838333,-0.14185209562443285,0.03641787893532101,-0.37622137719228593,0.046759702586697066,-0.12302383687734628,1.0042257930107996,1.0712316647864608,1.0616147221808387,1.0887241968289354,1.1224661013242592,0.9998142821366485,1.0123437861703708,0.04042619911064045,-0.7648402439183841,-0.543375126245697,-0.39931604076720495,0.062116019999308034,-0.7281234289433346,0.10249093980201981,-0.42681272882039883
1.4801099890356488,1.2734078929043928,1.7486017393272755,1.155537087090592,2.176297964968809,-0.45545957255694036,-0.8994720493065637,-0.5271170523268589,-0.5261823952879066,-0.07817863882429213,-0.539835428745532,-0.32578476680669677,-0.6692448731064297,-0.6416476595189629,1.3805011213759066,1.0327129471188936,0.08441429447414496,0.864020870661424,0.1003083718501562,1.197457283868686,-0.4552964739928799
-1.4188015034349237,-1.2603640220423757,-0.3060188931430699,-1.142100609333725,-0.939137641108725,-0.977858585767731,-0.2649061018674426,-0.7991764084312537,-0.8069145852586164,-0.48255090860511357,-0.7395465666337755,-0.6519002503736245,-0.6503080638803396,-0.22776789093303854,-0.6511797742339184,-0.543375126245697,-0.029822375003992402,0.9436129684010225,-0.046404302953086604,0.3410109342531806,1.003844160948014
0.4929506798490271,0.4972975766143916,-0.19187330245027293,-0.17467421083927565,0.1650673838301477,-0.07553301749454712,0.5811818280513855,-0.14227359606526238,-0.18356837849569632,-0.12439261251352887,-0.34893507635235815,-0.023825985726208088,-0.35110647810811607,1.4178180689645967,-0.2178492335618927,0.7174953324459754,0.34517524718540604,-0.4331160579823882,-0.9498727594134397,-0.24452780164558824,0.08248421368711203
0.11060024319223694,-0.14185209562443285,0.7212914230921028,0.4299672882197551,0.24393917132578147,2.393989590411009,2.6964016528484556,2.955845368940006,2.6931819122794263,5.502158684151044,3.3604056170719288,3.998264978265901,4.102831051868274,-1.0058618558745762,-0.8074629200500587,-1.3314191629279921,-0.7302235217974851,0.8142820581687089,0.8322936265931961,0.2818681280786115,-0.45351608429112944
0.4373360708807667,0.017935322435273276,2.433475283484057,0.8330616209257756,1.348144196264654,1.4441732027550258,-0.8994720493065637,-0.8650388791337417,-0.880870914874556,-0.32080200069278497,-0.7718527801156972,-0.6820961284816733,-0.5934976362020692,-0.05890494534998139,-0.7506326852078259,-0.07054870423631979,-1.0514576222459766,2.4036584158901353,1.0409634361170255,1.4790149811306241,0.36100597912090704
0.26354041785495297,0.47447080260586216,0.49300024170650886,0.6315144545727653,0.8354775775430348,1.824099757817419,1.4272697579702136,1.72770400348773,2.066817079817896,1.5855244139882305,2.0769678632901285,2.159336001485725,1.6524079380122159,-0.6846911554518991,0.741160979400787,1.1903217544553526,0.9709293538517109,0.43324240199877,0.9614847666200459,0.9854487094075842,-0.5339767875872241
1.3063143360098353,1.38754176294704,0.8354370137848998,1.034608787278786,0.7960416837952178,-0.12302383687734628,0.36965984557167847,0.7819533620931802,0.877478554565642,0.4763890454465487,0.7905931810099723,0.6887967376237452,0.2283598842102408,-0.7840222999125208,0.23679264517597026,-0.7009839335821559,0.7639710643477579,0.1974676686783047,0.1226915299295536,-0.14891208157601513,-0.5213750660885831
0.4025769402756039,0.10924241846939106,0.7212914230921028,-0.013436477756867446,0.08619559633451394,-0.3129871144085429,-1.1109940317862708,-0.8529856165215217,-0.8537032835870679,-0.5518718691389687,-0.8482129210729669,-0.7847621140490395,-0.7942278139986242,-0.6383366213702755,0.7979912142430199,0.4022777177730573,-0.6645280532832524,0.5909688162057559,-0.5316161331829058,-0.2706589706652579,-0.17453675885161635
-1.1615839369567194,-1.169056926008258,-1.3333292093782425,-1.101791176063123,-1.4518042598303444,-1.4527667795957224,-0.6879500668268567,-0.6657295723673892,-0.6876788701635299,-0.8176022178520799,-0.730735781138706,-0.8179775799678933,-0.7639289192368801,-0.591982087288652,0.6061891716504839,0.7174953324459754,-0.8603007314964061,-1.6368466214722772,-0.6296118781325811,-1.6612408065323656,-0.02821974579474433
0.7432164202061988,0.42881725458880326,-1.1050380279926486,-0.49714967700409207,-0.3081633411436549,-0.3129871144085429,0.7927038105310925,1.248586814651984,1.2865023367272677,-0.32080200069278497,0.9932412473965723,0.5559348739483302,-0.01024391203849436,-0.3204769590962856,1.7356900891398621,1.8207569838011888,-0.5224619974889999,-1.4130943520235684,-1.7802632033541144,-1.0716757209396497,-0.516011258204507
1.9736896436289597,2.414746593330865,-0.19187330245027293,1.4780125532554085,0.5199904275604996,-0.6929136694709361,-0.6879500668268567,-0.49224868548436523,-0.4190211829872593,-0.6558533099397513,-0.4957815012701842,-0.5975476697791365,-0.6427333401899035,-0.032416640160482235,2.3537188930491446,0.7174953324459754,1.655349871835632,-0.8063250973176813,0.018451798226397417,-0.8552201719660516,-0.3944499707114514
0.5972280716645153,0.5429511246314506,0.8354370137848998,0.9136804874669797,0.12563149008233082,-0.360477933791342,-0.05338411938773558,-0.26280622218746263,-0.26658058520746536,-0.11283911909121969,-0.19034093744110597,-0.21707960561772083,-0.4003421820959503,0.02055997021851608,-0.7435289058525467,0.08706010310013926,0.19793916587539975,0.5800853733722915,0.916040521238951,-0.39166537515684496,-0.15545295164061568
-0.6262933256372132,-0.6668678978206101,-0.6484556652214608,-0.9002440097101125,-0.42647102238710555,-1.4052759602129234,1.0042257930107996,0.4651247448576824,0.36582149865128405,-0.42478344149356767,0.12978426887975492,-0.04194351259103741,-0.335957030727244,-0.6548918121137125,0.6559156271374377,-0.22815751157277883,-0.4483828645120882,-0.5431054960520714,-1.0664967926795257,0.08891062062912977,-0.17694384381115077
0.6945536373589709,0.6570849946740978,-0.7626012559142578,0.30903898840794897,-0.15041976615238734,1.9665722159658163,0.5811818280513855,0.32780364581131854,0.3688401243498938,-0.5980858428282054,0.1268473403813984,-0.09629609318552537,0.5881592595059526,-0.7906443762098957,1.0253121536119512,-0.07054870423631979,0.2838303646856111,-1.0696813261500033,-0.3117880709332709,-0.8341146050095387,-0.30745445335246324
-0.3065093240697159,-0.6212143498035512,0.3788546510137119,-0.37622137719228593,-0.15041976615238734,1.0167558283098335,-0.05338411938773558,-0.5030105271024188,-0.5533500265753947,-0.12439261251352887,-0.5545200712373146,-0.40127446207681894,-0.3170202215011539,1.252266161530227,-0.14681144000910162,0.7174953324459754,-1.359828073406055,0.747143436024411,-0.23684307949618116,0.15935988758008066,0.26496017985028486
-0.5706787166689528,-0.4614269317438451,-0.19187330245027293,-0.6180779768158983,-0.38703512863928863,-0.5504412113225386,-1.1109940317862708,-0.9752401373026105,-0.9427527416960565,-0.6905137902066789,-0.9304469190269494,-0.8723301605623812,-0.8548256035221126,1.6595238538187764,-0.5233117458388944,-0.7009839335821559,0.3063157627252378,0.14062467788662428,-0.37515104306847413,0.08503574904411446,0.27518694775475167
1.29241068376777,1.433195310964099,3.232494418333636,2.1229634855850414,2.2157338587166255,1.3017007446066282,-0.2649061018674426,-0.14485643805359524,-0.1382889930165496,0.6496914467811864,0.01818098594220708,0.12413381700323135,-0.0784164252524187,0.212600182842385,-0.6653873329444766,-0.858592740918615,0.9147543818012286,2.2379804555681804,1.7847455227318134,1.4481879419890547,-0.36064422841587973
0.7571200724482638,0.5429511246314506,1.6344561486344786,0.5912050213021633,1.742503133742823,0.4943568150990427,1.4272697579702136,1.156034976736723,1.0133167110030823,1.7241663350559406,1.019673603881781,1.4497328659465767,1.0956657467651671,-0.6118483161807763,0.7269534206902287,0.5598865251095164,-0.21816743943872322,1.2605704614279947,0.10121892019988929,1.5555979514520308,-0.325251614189911
0.34696233130734355,-0.14185209562443285,-0.9908924372998517,-0.3359119439216839,-0.34759923489147176,0.9217741895442351,-0.8994720493065637,-0.7376186743759872,-0.7661631383273843,-0.759834750740534,-0.7894743511058364,-0.7938208774814542,-0.6351586164994675,-0.181413356851415,2.3466151136938653,1.1903217544553526,-1.3557884093632846,-1.2589868286946564,-1.0913079620770696,-0.8472138745483139,-0.09465780933829582
-1.321475937740468,-1.0549230559656106,-0.8767468466070547,-1.5048855087691433,-1.1757530035956263,-1.8326933346581158,2.0618357054093344,0.6024458439040463,0.6329698729782498,0.12978424277727318,0.36180162024992013,0.47138641524579333,-0.05569225418111058,-0.41649706540822,-0.4877928490624988,-0.7009839335821559,0.8373089652572983,-0.5653568804502914,-1.8714691174350069,-0.630138202351981,-0.02358459626056231
0.8335901597796219,0.6342582206655683,-0.42016448383586685,-0.09405534429807155,-0.3081633411436549,0.4943568150990427,0.36965984557167847,0.3041275942516007,0.255641660652027,-0.37856946780433093,0.035802556932346206,-0.15366826159081823,0.14125056177022638,0.20928914469369758,2.5668322737075178,1.6631481764647298,-0.13978814683277974,-0.76408442324022,-1.167369924124101,-1.1273352579044704,-0.3233529059397139
-1.919332984149267,-1.7168995022129645,-0.8767468466070547,-1.6258138085809495,-1.0574453223521756,-1.4052759602129234,2.484879670368749,2.468549180474539,2.530176124554498,1.9667896969244336,2.0064815793295723,3.0591731691055815,2.1220408068192502,-0.4529184850437814,-0.6795948916550347,-0.3857663189092379,-0.35270115525195106,0.16021884969058064,-0.7793243520243874,1.7982842861784938,-0.45715688120931575
1.26460337928364,0.725565316699686,2.2051841020984635,1.5586314197966127,1.6636313462471892,0.9692650089270343,2.0618357054093344,2.1026465654607174,1.8962647278464435,2.810194716753004,2.2796159296767287,2.5488628290795554,1.7736035170591924,-1.0058618558745762,-0.8074629200500587,-1.3314191629279921,-0.8492810483881936,1.3866776349243772,0.970250934663973,0.8595914474416443,-0.41546799816869734
0.02717832973984636,-0.3244662876926684,-0.42016448383586685,-0.2956025106510818,-0.8602658536130913,-0.5504412113225386,-1.1109940317862708,-0.7285787274168222,-0.7480513841357256,-0.6674068033620605,-0.7160511386469234,-0.8028796409138689,-0.7222679389394818,-0.43636329430034443,1.4444351355734186,2.6088010204834835,-1.1641235111395303,-0.5153364748497565,-0.5911177479904934,-1.3977814487940858,-0.4101393170121172
-1.3075722854984029,-1.283190796050905,-0.8767468466070547,-1.4242666422279393,-1.3334965785868937,-1.4527667795957224,-1.3225160142659778,-1.0531558706173185,-1.018218384161301,-0.7829417375851524,-1.0156178454792886,-0.9568786192649181,-0.9381475641169089,-0.6217814306268385,-0.7719440232736632,0.5598865251095164,-0.8630265304893465,-0.575324226878403,-1.56419095189655,-1.1379530228840988,0.25158671412905903
0.08974476482913929,0.56577789863998,-0.5343100745286639,0.10749182205493871,-0.11098387240457047,-0.40796875317414116,-0.8994720493065637,-0.7445062530115415,-0.6831509316156152,-0.5518718691389687,-0.7395465666337755,-0.6458610747520147,-0.6768195967968657,-0.7641560710203965,0.4499060258343435,1.5055393691282706,1.9065162943668361,-0.6767557537656782,0.18211763896464728,-0.2537416655470824,-0.2667571032410824
1.0699522478947285,0.7940456387252744,1.0637281951704938,0.14780125532554075,1.1509647275255699,-0.8828769470021327,2.2733576878890416,2.6248111207686775,2.803361750278683,2.3018410061714,2.2708051441816592,2.911213366376142,0.8305504175999058,2.8349423966028016,-0.43096261422026594,-0.22815751157277883,-0.2500545296657125,0.5143085004268888,-0.9985485694494133,0.46347504761117414,-0.5160419374855777
-0.5567750644268876,-0.5983875757950218,-0.6484556652214608,-1.142100609333725,-0.7813940661174574,-1.59523923774412,-1.1109940317862708,-0.9989161888623284,-0.9653924344356299,-0.759834750740534,-0.9774377750006538,-0.9085652142920398,-0.949509649652563,-0.5323834006122788,1.2526330929808827,1.6631481764647298,-0.39400344556781663,-0.5769674503994462,-1.8469457881340805,-0.7395417228496091,0.4867752492264794
-1.0086437622940032,-1.0777498299741401,-0.42016448383586685,-1.0614817427925207,-0.7419581723696406,-1.1203310439161285,-0.8994720493065637,-0.8710655104398517,-0.838610155094019,-0.632746323095133,-0.8364652070795408,-0.7847621140490395,-0.8434635179864585,0.17948980135551104,-0.5801419806811272,-0.07054870423631979,-1.023848671072844,0.1323573695175131,-0.840676291712887,0.008881005404673582,0.1460067215930652
0.8822529426268497,1.182100796870275,-0.9908924372998517,1.11522765381999,-0.07154797865675358,0.25690271818504695,-0.2649061018674426,-0.4487708453474287,-0.45222606567196694,-0.7020672836289881,-0.43116907430634077,-0.5613126160494779,-0.3624685636437701,-0.35689837873184693,1.7072749717187456,1.0327129471188936,1.308072367387862,-1.3138834400981976,0.8174218917849411,-0.8623484202566082,-0.0725710615493667
-1.1893912414408496,-1.1918837000167872,-0.3060188931430699,-0.8196251431689084,-1.1363171098478093,0.16192107941944864,1.0042257930107996,0.7505287845684637,0.7356031467309824,1.4122220126535925,0.9903043188982158,1.117578206758039,1.3872926088469546,1.0569149107576707,-0.5588306426152899,-0.858592740918615,-0.8678789226621247,0.5765648370828377,0.5243099206362644,-0.7378099340664644,-0.33336471074498863
-0.3412684546748787,-0.6896946718291396,0.49300024170650886,-0.7390062766277044,0.12563149008233082,-0.02804219811174797,2.6964016528484556,2.6063007531856255,2.183034169214373,3.6073857628923376,2.3706607131257806,2.8145865564303856,3.0234329259811386,-0.7310456895335226,0.4285946877685062,1.1903217544553526,-1.544021978892347,0.9419930942077561,-1.0859354985548064,0.7216027179005209,-0.37597531973813025
0.6041798977855478,0.40599048058027387,1.4061649672488845,1.074918220549388,2.097426177473175,0.9692650089270343,1.2157477754905066,1.464254120677778,1.3891356104800001,2.3018410061714,1.4161589511599115,2.005337023134676,1.5955975103339455,1.87143029533477,-0.367028600022754,-0.07054870423631979,-0.24435360191813887,1.1577735602136363,1.1975451489457996,2.250812188525581,-0.45801083862013886
1.0838559001367936,0.771218864716745,-1.1050380279926486,-0.25529307738047974,0.3622468525692321,1.4916640221378248,0.15813786309197145,0.21545001931883906,0.22394609081662425,-0.6442998165174422,0.16502741086003317,0.04260494611149942,0.37985435801896156,0.15962357246338665,2.133501733035492,0.08706010310013926,-0.34344730706574167,-1.4327076994349937,-1.654095140440082,-0.47863953293670763,-0.37979370752104463
0.7432164202061988,0.9081795087679216,-0.19187330245027293,0.06718238878433666,0.007323808838880182,0.5418476344818418,-0.05338411938773558,0.09061265654941737,0.14395250980346505,-0.1012856256689105,-0.1697824379526103,0.015428655814255439,-0.3208075833463719,1.6760790445622136,-0.10418876387742697,1.5055393691282706,0.901286952970781,-0.5180852742287333,-0.7948427838279492,-0.6645437232808905,-0.4190389026944573
-0.5289677599427575,-0.507080479760904,-0.9908924372998517,-0.9808628762513167,-0.3081633411436549,-1.02534940515053,0.15813786309197145,-0.22449406602719185,-0.2379036410706724,-0.6442998165174422,-0.43704293130305377,-0.3831569352119896,-0.6275838928090314,-0.7045573843440234,0.5067362606765764,0.5598865251095164,-0.07711282818834403,-1.113389477349151,-1.4431796784572215,0.18146909754212723,-0.07205585701554608
-0.01453262698634893,-0.34729306170119784,0.6071458323993059,-0.2149836441098777,0.5594263213083165,1.1117374670754316,1.2157477754905066,1.095338190010901,0.9152113757982644,2.0938781245698346,1.2311324557634507,1.676201951756943,2.300046813544497,-1.0058618558745762,-0.8074629200500587,-1.3314191629279921,-1.132132905380934,0.782021428553041,-0.3500520208996801,0.9609383920599409,-0.3416413639625282
-1.4396569817980214,-1.4658049881191406,-0.5343100745286639,-1.0211723095219187,-0.9785735348565419,-0.5504412113225386,1.2157477754905066,0.24515270218466698,0.1499897612006846,-0.41322994807125846,0.032865628433989685,-0.1355507347259889,-0.0784164252524187,-0.7409788039795847,-0.4877928490624988,-0.07054870423631979,-1.4792378956842769,0.4008972610070347,0.5748341403968301,0.2644857968868646,0.03301312183299457
-0.4455458464903669,-0.2559859656670801,-0.8767468466070547,-0.6986968433571024,-0.8997017473609081,-0.8828769470021327,-0.6879500668268567,-0.6876837292682185,-0.6574926131774321,-0.7020672836289881,-0.7101772816502103,-0.6851157162924782,-0.7715036429273161,-0.6615138884110873,0.7056420826243914,0.08706010310013926,0.7266932131546011,-0.9636097045469587,-0.8185128065472881,-1.0905911456096362,-0.09171152964261546
1.1047113784998912,1.4103685369555694,0.6071458323993059,1.3570842534436023,0.8354775775430348,0.5418476344818418,0.15813786309197145,0.22362901894855977,0.17413876678956286,-0.12439261251352887,0.2501983373123723,0.02146783143586521,0.43287742385201383,0.15631253431469927,2.332407554983307,1.3479305617918116,1.3326821611426316,0.08907168468457784,0.8844298375506507,0.06043376187391958,-0.3573665824882805
-0.612389673395148,-0.7810017678632574,-0.7626012559142578,-1.2630289091455311,-0.584214597378373,-1.2153126826817269,-0.6879500668268567,-0.9519945594076148,-0.9321875517509223,-0.759834750740534,-0.9598162040105147,-0.8723301605623812,-0.8737624127482027,-0.2542561961225377,-0.7009062297208721,-0.858592740918615,-1.0519287273652,-0.731182673703694,-2.115440216798388,-0.2622585351180689,1.3447755175797242
0.06888928646604164,-0.34729306170119784,0.49300024170650886,0.7121333211139695,-0.15041976615238734,1.1117374670754316,-1.3225160142659778,-0.967922085002334,-0.9563365573398006,-0.6442998165174422,-0.859960635066393,-0.8662909849407715,-0.7336300244751359,-0.07877117424210577,-0.7435289058525467,-0.543375126245697,-1.3626265459097506,0.57358742053918,1.5216280467150527,-0.2943789166928417,-0.27903789351958036
-0.8000889786630269,-0.9636159599314928,-0.42016448383586685,-0.9808628762513167,-0.62365049112619,-0.6929136694709361,0.36965984557167847,0.06607565766025518,-0.04169297066103656,-0.19371357304738399,-0.14628700996575814,-0.029865161347817862,-0.2639971556681016,-0.14830297536454107,-0.5943495393916854,0.2446689104365983,-1.2611730104755736,-0.051934712877256796,-0.9972059056949293,-0.06656860171958788,-0.14617344659238002
-0.14661732328596735,0.2690298365290972,0.15056346962811798,-0.013436477756867446,0.24393917132578147,-0.26549629502574373,1.0042257930107996,-0.22750738168024684,-0.19866150698874524,-0.35546248095971256,-0.22852100791974075,-0.12347238348276934,-0.1200774055498169,-0.81051060510202,0.30072665937348225,0.08706010310013926,1.7063387155344292,0.30487791575931866,0.3379853274747559,0.6298589237258189,0.31025015199863804
-1.3770905467087284,-1.4658049881191406,-1.1050380279926486,-1.222719475874929,-1.3729324723347107,-1.02534940515053,-0.05338411938773558,-0.7780831988598687,-0.7646538254780794,-0.6905137902066789,-0.7630419946206277,-0.7122920065897222,-0.7109058534038278,-0.5721158583965276,-0.7648402439183841,-1.1738103555915331,-1.8122694090553537,-1.0801946340632942,-0.533895216287919,-1.1585636472692629,1.0394054220703643
-1.5230788952504117,-1.3744978920850228,-0.7626012559142578,-1.3839572089573373,-0.939137641108725,-1.1203310439161285,0.7927038105310925,0.28647817399799275,0.24809509640550254,0.02580280197649052,0.1591535538633201,0.14225134386806068,0.17154945653197054,-0.843620986588894,-0.7932553613395005,-1.3314191629279921,-0.23284846874640402,-0.08638931958584414,-0.8346268380324217,0.6387212040072031,-0.17933607022155246
-0.8000889786630269,-1.0092695079485519,-0.9908924372998517,-1.182410042604327,-0.7419581723696406,-1.2153126826817269,0.5811818280513855,0.008822660252210061,-0.08848166898948819,-0.3901229612266401,-0.14628700996575814,-0.2291579568609404,-0.20718672798983134,-0.558871705801778,1.018208374256672,-0.22815751157277883,-1.5012894009301005,-1.0425046557491446,-1.6204256650678763,-0.3369296939148578,-0.015081793964846116
0.26354041785495297,0.1320691924779205,-0.7626012559142578,0.8733710541963777,0.007323808838880182,1.6341364802862224,-0.47642808434714967,-0.48019542287214523,-0.4959961383018088,-0.632746323095133,-0.4076736463194886,-0.5613126160494779,-0.25642243197766557,-0.47609575208459315,1.2526330929808827,0.4022777177730573,-0.2051509259255624,-0.9899438016375749,1.4498855576388456,-0.25048771205650605,-0.16574606038758752
-0.5150641077006923,-0.5527340277779629,-0.3060188931430699,-0.17467421083927565,-0.5053428098827393,0.6843200926302393,0.36965984557167847,0.5021454800237868,0.3356352416651862,0.8461008349604425,0.6173143996069376,0.5831111642455742,1.4251662272991348,-0.09201532683685534,-0.7648402439183841,-1.0162015482550741,-0.34194324215497646,-0.07602151999876156,0.7190162888092946,-0.2342089142054086,-0.3584631605515184
0.7223609418431012,0.3375101585546855,1.9768929207128694,0.9539899207375818,1.3087083025168373,2.3464987710282097,2.2733576878890416,2.195198403375978,1.8434387781207724,3.179906506266898,2.3794714986208505,2.4673339581878233,4.2467508019865585,1.6694569682648388,-0.040254749679914985,-1.0162015482550741,-0.7447096499417245,1.626758965457114,0.7861614057415033,1.040472083482345,-0.3736983258551568
0.24268493949185535,-0.09619854760737395,-1.1050380279926486,0.4299672882197551,-0.7813940661174574,1.3966823833722266,-1.1109940317862708,-0.9562992960548362,-0.9397341159974467,-0.8060487244297707,-0.8746452775581756,-0.9146043899136497,-0.7109058534038278,-0.09201532683685534,-0.757736464563105,0.08706010310013926,-0.9338910810204316,-1.3763131570456983,0.5907238921594279,-1.4146704860905222,0.25158671412905903
-1.4188015034349237,-1.2375372480338462,-0.7626012559142578,-1.0211723095219187,-1.1757530035956263,-0.977858585767731,-0.8994720493065637,-0.9244442448653976,-0.9140757975592636,-0.7367277638959157,-0.9040145625417407,-0.8904476874272106,-0.8321014324508044,-0.5025840572740923,-0.7861515819842214,-0.543375126245697,0.14393018894300066,-0.20325796043155506,0.4947634076983962,-0.4415417748145347,0.5997389209213028
-1.2728131548932402,-0.9407891859229635,-0.7626012559142578,-1.3839572089573373,-0.939137641108725,-1.3577851408301242,-0.8994720493065637,-1.0208703457631578,-0.9744483115314593,-0.7713882441628431,-0.9921224174924365,-0.9176239777244546,-0.9229981167360368,-0.07546013609341837,-0.6582835535891974,-0.858592740918615,1.308072367387862,-0.3401005144399877,-1.473119176488816,-0.007580727058802093,1.3660421908978813
-1.3353795899825331,-1.4658049881191406,-0.19187330245027293,-1.142100609333725,-0.6630863848740068,-0.12302383687734628,-0.8994720493065637,-0.9313318235009519,-0.9201130489564832,-0.6674068033620605,-0.8981407055450277,-0.8451538702651372,-0.6843943204873016,0.5271488069676875,-0.5801419806811272,-0.07054870423631979,-2.018506933923382,1.0672684832396058,-0.3131409944590316,0.9943744520135085,0.652790685765835
0.8266383336585894,0.7483920907082156,0.49300024170650886,0.7524427543845715,0.9932211525343022,0.8742833701614359,-0.6879500668268567,-0.8314619332854145,-0.8159704623544457,-0.574978855983587,-0.7982851366009059,-0.6911548919140881,-0.6540954257255576,3.364708500392785,0.3717644529262733,1.3479305617918116,0.20850489661678778,0.11202169146015911,0.2836181514991263,0.5176599653230639,0.3939494137421087
-1.1615839369567194,-1.169056926008258,-0.6484556652214608,-0.5374591102746942,-1.294060684839077,-0.977858585767731,-0.47642808434714967,-0.6046023119768448,-0.5986294120545413,-0.5518718691389687,-0.5838893562208799,-0.6337827235087952,-0.5821355506664152,-0.43636329430034443,-0.8003591406947796,-0.7009839335821559,-0.8603007314964061,-0.18624928140225835,1.4998983505044712,-1.2213312327909098,-0.003724904185253083
1.1464223352260865,1.1592740228617455,0.9495826044776967,1.3973936867142043,0.9143493650386685,1.4916640221378248,1.6387917404499206,2.327353818445676,2.335474766994167,1.2158126244743364,1.9976707938345026,1.9872194962698464,1.7925403262852826,-0.6582028502623999,1.2526330929808827,0.2446689104365983,0.5532276019026465,0.37219664294394605,0.8882533099854791,0.11621072821524214,-0.5391767866959324
-0.6332451517582457,-0.8951356379059046,-1.1050380279926486,-0.9002440097101125,-1.1757530035956263,-0.8353861276193335,-1.3225160142659778,-1.0113999251392707,-0.992560065723118,-0.8060487244297707,-0.9774377750006538,-0.9448002680216986,-0.8889118601290747,-0.7211125750874604,0.2581039832418076,1.0327129471188936,-1.528995138290238,-1.271097719488811,-1.0547338834832016,-1.4807650839717683,-0.044955351863340764
1.6608574681824952,2.369093045313806,0.26470906032091496,2.1229634855850414,0.2833750650735984,0.4943568150990427,-0.47642808434714967,-0.12806796512943164,0.0669775544889156,-0.5172113888720411,-0.037620655526566835,-0.3167260033742821,-0.24884770828722955,0.10995800023307574,-0.6724911122997557,-0.7009839335821559,2.2990573956562637,-0.3926167119210462,1.2463852280476786,-0.9256599227139032,-0.5461379143004842
0.7571200724482638,0.22337628851203828,1.9768929207128694,-0.013436477756867446,1.427015983760288,0.06693944065385034,-0.2649061018674426,-0.3923787952688279,-0.47335644556223544,0.3261936309565293,-0.47228607328333205,-0.1778249640772573,-0.39276745840551425,3.0865812959030436,-0.11129254323270607,1.5055393691282706,-1.1636257268534222,1.5948878171472567,-0.9504644237419584,1.1500563131591262,-0.042759056829641144
-0.5081122815796598,-0.6896946718291396,0.8354370137848998,-0.2956025106510818,0.046759702586697066,-0.6929136694709361,-0.2649061018674426,-0.3157544829482863,-0.31638790923452675,0.21065869673343746,-0.3459981478540016,-0.14158991034759866,-0.37004328733420616,-0.5125171717201545,-0.7506326852078259,-0.3857663189092379,-0.9970449809755942,1.6482435163428562,0.37614381859600066,0.8575747679660617,-0.22566752679283136
-0.10490636655977205,-0.09619854760737395,0.3788546510137119,0.1881106885961428,-0.18985565990020423,-0.12302383687734628,-0.2649061018674426,-0.20985796142663896,-0.25752470811163597,0.09512376251034563,-0.23439486491645378,-0.18386413969886709,-0.27535924120375566,-0.4032529128134705,-0.7435289058525467,-0.7009839335821559,0.11392652455009232,0.5689586121393493,0.7221096366576533,-0.16690880088484264,-0.2766170758675599
0.8266383336585894,1.2734078929043928,-0.3060188931430699,1.11522765381999,-0.22929155364802112,0.9692650089270343,1.2157477754905066,1.883535470117146,1.9521093032707246,0.938528782338916,1.9917969368377895,1.4859679196762352,1.0464300427773328,0.15962357246338665,-0.7435289058525467,-1.1738103555915331,1.7320019946730967,-0.6531081954477816,0.902539843566053,-1.0237090200660603,-0.5492323025241496
-1.3006204593773703,-1.2375372480338462,-1.2191836186854457,-0.9405534429807146,-1.4518042598303444,-0.9303677663849319,-0.6879500668268567,-0.7470890949998743,-0.7782376411218234,-0.7251742704736064,-0.7248619241419929,-0.8028796409138689,-0.548049294059453,-0.7641560710203965,0.2723115419523658,0.4022777177730573,-0.580843237521081,-1.3726946367064403,0.41542554888374994,-1.5084944267610265,0.23447374851422026
0.034130155860878905,-0.30163951368413894,-0.8767468466070547,-0.49714967700409207,-0.62365049112619,1.1592282864582308,0.36965984557167847,0.3923746955196401,0.21187158802218514,-0.14749959935814724,0.18852283884688534,0.09091835108437761,0.5730098121250805,-0.07214909794473097,2.652077625970867,1.6631481764647298,-1.098741334579865,-1.0774659478505053,-1.0411978887094906,-1.0207842212323046,-0.3023246515563171
1.278507031525705,1.2734078929043928,-0.8767468466070547,1.5183219865260105,-0.0321120849089367,1.3491915639894274,-0.2649061018674426,0.01441881789359793,0.0322633589549031,-0.632746323095133,0.22670290932552012,-0.4133528133200385,0.2207851605198048,0.43112870065575304,-0.7435289058525467,-0.858592740918615,0.5364274628675568,-1.2480437001133624,0.8896529637388035,-1.055896755101938,-0.4499838672892607
-0.36212393303797635,-0.23315919165855062,-0.8767468466070547,0.026872955513734607,-0.8997017473609081,-0.12302383687734628,-0.6879500668268567,-0.6041718383121226,-0.562405903671224,-0.6442998165174422,-0.4957815012701842,-0.6790765406708685,-0.5366872085237989,-0.2575672342712251,-0.757736464563105,-0.858592740918615,0.4904452737375758,-0.9866263512794483,0.8884333662539862,-1.1664991990268394,-0.244818199930003
-1.0920656757463938,-0.712521445837669,-0.7626012559142578,-0.7793157098983065,-0.5053428098827393,-1.3577851408301242,-0.2649061018674426,-0.7531157263059843,-0.742014132738506,-0.6905137902066789,-0.7718527801156972,-0.7213507700221369,-0.6768195967968657,-0.860176177332331,-0.8074629200500587,-1.1738103555915331,1.6172954263146682,-0.47715498103689635,0.3708374685383683,0.8038622316895734,0.6459616819932941
1.5426764241249418,1.6386362770408638,-0.8767468466070547,1.5989408530672147,0.32281095882141525,1.1117374670754316,-0.47642808434714967,-0.41562437316382367,-0.3767604232067224,-0.6905137902066789,-0.43704293130305377,-0.5190383866982096,-0.35110647810811607,-0.002617296822295682,2.38923778982554,0.8751041397824345,0.8378284283217169,-1.2716829177319844,0.662453242305603,-0.8192538823912189,-0.2959683918154719
0.6528426806327757,0.4516440285973327,-0.5343100745286639,0.4299672882197551,-0.15041976615238734,-0.2180054756429446,-0.47642808434714967,0.01786260721137508,0.12131281706389167,-0.4594439217604952,0.041676413929059256,-0.07213939069908627,-0.45715260977422056,0.070225542448827,-0.7435289058525467,-0.858592740918615,-0.22944554203363812,-0.8332293157057878,-0.04168587220964696,-0.8042137546708673,-0.5642444103516716
0.2357331133708228,0.360336932563215,-0.3060188931430699,0.30903898840794897,0.12563149008233082,-0.07553301749454712,0.36965984557167847,0.6360227897523735,0.7205100182379335,0.08357026908803644,0.9139441779409462,0.16640804635449977,0.39879116724505165,-0.7343567276822099,0.40017957034738977,1.0327129471188936,0.667175896389784,-0.46176319267413846,0.35647875242131977,-0.04429629206505736,-0.4841760511317397
-0.6541006301213433,-0.8038285418717868,-1.3333292093782425,-0.8599345764395105,-0.8208299598652744,-0.7404044888537352,-0.47642808434714967,-0.9933200312209406,-0.9714296858328495,-0.8291557112743891,-0.9510054185154451,-0.9146043899136497,-0.8813371364386386,-0.6184703924781512,1.1034537265200215,0.5598865251095164,-1.0082348710161935,-1.6368466214722772,-0.9028153401976678,-0.7070356550753726,2.818325376046265
1.3063143360098353,1.136447248853216,0.49300024170650886,1.4377031199848065,1.0326570462821192,-0.7404044888537352,-0.6879500668268567,-0.2761509057938491,-0.27865508800190447,-0.22837405331431151,-0.16097165245754075,-0.3288043546175016,-0.6351586164994675,-0.04566079275523181,2.318199996272749,2.6088010204834835,0.12041038333257825,-0.09216090345073444,0.7300935289123246,0.11458705396455245,-0.4901224732880069
0.37476963579147377,-0.14185209562443285,0.26470906032091496,-0.49714967700409207,0.4411186400648659,-0.9303677663849319,2.0618357054093344,1.6614110591205198,1.571762465245892,2.417375940394492,1.8743197969035286,1.9389060912969682,1.3645684377756464,0.28213198396482025,-0.5304155251941735,-0.7009839335821559,-1.423264709502317,0.1110649801292333,-1.4374145234752078,0.2670936652347494,-0.35021924332610516
-0.45249767261139945,-0.34729306170119784,0.7212914230921028,-0.49714967700409207,0.32281095882141525,-0.977858585767731,-0.8994720493065637,-0.8521246691920774,-0.8159704623544457,-0.41322994807125846,-0.8129697790926885,-0.6730373650492587,-0.7904404521534062,-1.0058618558745762,-0.8074629200500587,-1.3314191629279921,0.34647015993446784,1.4016827180826734,-0.27589356881121124,1.2964352476908843,0.05745576011126404
-0.9738846316888405,-0.8494820898888457,-1.2191836186854457,-1.142100609333725,-1.1363171098478093,-0.5504412113225386,-0.6879500668268567,-0.7634470942593158,-0.7631445126287745,-0.7251742704736064,-0.8276544215844712,-0.7636249993734053,-0.6540954257255576,-0.7376677658308973,0.23679264517597026,-0.7009839335821559,0.1379842837128758,-1.4199005047064188,-1.187726318826431,-1.041102120355009,0.18078601325198093
1.3688807710991282,0.725565316699686,-1.3333292093782425,1.5989408530672147,-0.8997017473609081,0.8742833701614359,-1.1109940317862708,-0.6136422589360098,-0.6288156690406392,-0.8176022178520799,-0.48109685877840164,-0.8028796409138689,-0.5631987414403251,-0.012550411268357866,-0.7222175677867094,0.08706010310013926,-1.054672914684681,-1.6368466214722772,0.887410646648862,-2.0564262402767732,-0.5482328164242559
0.5277098104541899,0.5201243506229211,0.7212914230921028,0.47027672149035715,0.7960416837952178,1.6341364802862224,-0.8994720493065637,-0.446618477023818,-0.4054373673435153,-0.1012856256689105,-0.4135475033162016,-0.20802084218530617,0.016267620878031772,1.9078517149703311,-0.22495301291717182,0.8751041397824345,0.3191337137580285,0.507251325854598,0.20968062623481085,0.5904257851599402,-0.5420613171000221
-0.6401969778792782,-0.5983875757950218,-0.9908924372998517,-0.49714967700409207,-0.8602658536130913,-0.7404044888537352,2.0618357054093344,2.40440860443094,2.2222763032963,0.3261936309565293,1.718662586490633,1.7335741201622359,1.6334711287861257,-0.4992730191254049,0.7766798761771825,0.2446689104365983,-0.0594329405640916,-1.0864592062688616,0.11136377560768884,-0.8072362883767258,-0.468172116297081
0.5624689410593525,0.4516440285973327,0.9495826044776967,0.47027672149035715,0.5199904275604996,1.20671910584103,-0.05338411938773558,0.14829612762218464,0.17866670533747753,0.5110495257134763,0.209081338335381,0.3717400174892321,0.4480268712328859,3.0700261051596067,-0.23916057162773002,-0.22815751157277883,0.007871879571285031,0.7208735731318855,0.15858346623308062,0.17474543098362802,-0.4335462220506664
0.006322851376748715,-0.34729306170119784,-0.07772771175747596,-0.013436477756867446,-0.11098387240457047,-1.1203310439161285,-0.2649061018674426,-0.5628463664987968,-0.6046666634517609,-0.48255090860511357,-0.5192769292570364,-0.6035868454007464,-0.741204748165572,-0.27081138686597467,-0.7719440232736632,-0.543375126245697,-1.1910400053428156,-0.08331910710686108,0.06165063597237451,-0.16293493161097125,0.1998978588875112
-0.8348481092681896,-0.8494820898888457,-0.42016448383586685,-0.8599345764395105,-0.584214597378373,-0.6929136694709361,1.0042257930107996,0.7823838357579024,0.7491869623747264,0.2568726704226742,0.5644496866365202,0.44722971275935425,0.18291154206762458,-0.48933990467934274,-0.7932553613395005,-1.0162015482550741,-0.512400167450415,-0.023932735693599123,-0.5506017813103585,0.08246436782974845,-0.3379174044574387
-1.8081037662127464,-1.5571120841532584,-0.7626012559142578,-1.4645760754985413,-0.8602658536130913,-1.2628035020645259,0.36965984557167847,-0.8706350367751295,-0.867287099230812,-0.6442998165174422,-0.8364652070795408,-0.7183311822113321,-0.748779471856008,-0.5489385913557159,-0.7009062297208721,-1.1738103555915331,0.36506981578462944,0.3581473893466298,-0.21796329747197174,2.134132876009741,2.7538325372321095
-0.674956108484441,-0.0733717735988445,0.26470906032091496,-0.17467421083927565,0.24393917132578147,-0.7878953082365344,-0.05338411938773558,0.12591149705663315,0.14546182265276994,-0.19371357304738399,-0.1521608669624712,0.12715340481403625,-0.27157187935853766,-0.6217814306268385,0.7695760968219034,1.0327129471188936,2.6866229384679694,0.9735965220959916,1.1290732733421833,1.6086099303138481,-0.41968651666540124
-1.3423314161035655,-0.8494820898888457,0.15056346962811798,-0.9002440097101125,-0.0321120849089367,-0.6454228500881369,1.6387917404499206,0.5934058969448812,0.6103301802386764,0.2915331506896017,0.5262696161578854,0.3838183687324516,1.1070278323008211,-1.0058618558745762,-0.8074629200500587,-1.3314191629279921,2.4606310415695902,1.895242774825197,0.7335643974779404,2.9923740414040356,-0.12194801808449117
-0.8348481092681896,-0.6896946718291396,0.26470906032091496,-0.37622137719228593,-0.18985565990020423,-0.7404044888537352,1.8503137229296276,1.7987321581668836,1.7875942026964915,2.1631990851036895,1.6158700890481548,2.210668994269408,1.0880910230747312,-0.5290723624635915,-0.7648402439183841,-0.543375126245697,0.3428553858293122,1.1857526786404093,0.9715519207340966,0.9995903342872,-0.42800368680670464
0.5763725933014177,0.8625259607508627,-0.07772771175747596,-0.1343647775686736,0.9537852587864853,-0.07553301749454712,0.7927038105310925,0.5619813194201647,0.5680694204581395,-0.055071651979673765,0.13272119737811142,0.48950394211062265,0.09580221962761017,-0.7144904987900855,0.6417080684268794,1.1903217544553526,1.2511558896504922,-0.3454369181726308,-0.9695072497227987,0.7478524661278917,-0.3278493029311263
0.08279293870810674,0.17772274049497938,1.7486017393272755,1.7198691528790209,0.7566057900474009,1.2542099252238292,-0.8994720493065637,-0.8396409329151352,-0.8174797752037506,-0.3092485072704758,-0.6132586412044451,-0.6519002503736245,-0.6048597217377233,-0.09863740313423014,-0.7932553613395005,-0.22815751157277883,0.5165561694558323,2.0752844029960595,3.653965753895169,1.1295349290527383,0.06291241395392647
-0.14661732328596735,-0.14185209562443285,0.49300024170650886,-0.17467421083927565,0.12563149008233082,-0.9303677663849319,-1.3225160142659778,-0.9812667686087205,-0.9427527416960565,-0.6442998165174422,-0.9245730620302364,-0.8451538702651372,-0.8964865838195107,-0.34365422613709734,-0.757736464563105,-0.3857663189092379,0.07706729129847623,0.7529681935819946,-0.03790428655541973,0.426026477253993,-0.33841912651325884
-0.89046271823645,-0.8951356379059046,-0.7626012559142578,-0.49714967700409207,-0.38703512863928863,0.9217741895442351,-0.2649061018674426,-0.7320225167345993,-0.7359768813412865,-0.6442998165174422,-0.6954926391584277,-0.6971940675356978,-0.32838230703680793,-0.40656395096215786,-0.7861515819842214,-1.0162015482550741,-0.5150658990450531,-0.5994497358464457,0.7459964176129643,0.6530834691420032,0.619217131653971
-0.028436279228414026,-0.1190253216159034,-0.9908924372998517,0.06718238878433666,-0.7025222786218237,-0.360477933791342,-0.47642808434714967,-0.8572903531687431,-0.8431380936419337,-0.7829417375851524,-0.810032850594332,-0.8662909849407715,-0.7752910047725341,-0.307232806501536,-0.7435289058525467,-0.858592740918615,-0.22578391329007735,-1.2078479093713694,0.3017152769981594,-1.0992260064955057,0.910707524675191
1.584387380851137,1.433195310964099,-0.3060188931430699,0.9136804874669797,-0.3081633411436549,-0.5029503919397394,0.7927038105310925,0.967057037923702,1.1038754819613759,-0.48255090860511357,1.204700099278242,0.06676164859793851,-0.03675544495502049,0.3450417087898808,-0.7790478026289422,-0.858592740918615,0.2504947566886221,-0.8230408237150875,-0.35601055262849984,-1.5010677089616848,-0.47982628766144236
1.570483728609072,1.38754176294704,0.7212914230921028,0.7524427543845715,1.9791184962297244,-0.07553301749454712,2.2733576878890416,2.4806024430867595,2.623753521211401,1.065617209984317,1.8890044393953114,2.2257669333234325,0.5427109173633363,2.527015848774874,0.30783043872876137,0.8751041397824345,0.1701726270590021,-0.00405979036007795,-0.5703647732022977,0.8979628623284018,-0.4949944696023374
-1.1546321108356867,-1.2603640220423757,-1.3333292093782425,-1.5855043753103475,-1.0574453223521756,-0.5504412113225386,3.542489582767284,4.903738701807707,5.328442147165766,1.0194032362950802,5.287030711993807,2.956507183538215,4.95120010519711,0.7258110958889312,-0.5020004077730571,-0.3857663189092379,-1.4784935410768223,-1.6368466214722772,-2.464533440421108,-0.573067863047435,-0.5991692764664726
0.7501682463272313,0.7027385426911567,1.5203105579416816,0.8733710541963777,1.742503133742823,0.9217741895442351,-0.8994720493065637,-0.8908672990170703,-0.8476660321898484,-0.5056578954497319,-0.8159067075910451,-0.6790765406708685,-0.7109058534038278,-0.48602886653065536,-0.757736464563105,-0.07054870423631979,0.27279950740857944,1.1545833545267803,0.6024321303002895,1.5651214341516682,0.1859351551339501
-0.4177385420062367,-0.09619854760737395,-0.6484556652214608,-0.25529307738047974,-0.62365049112619,-0.07553301749454712,1.6387917404499206,0.72168704903208,0.7054168897448845,-0.020411171712746215,0.6349359705970766,0.2600152684894513,0.2510840552815489,-0.307232806501536,-0.40965127615442865,0.7174953324459754,1.3181530555002383,-0.6387679851558794,0.2870265314036095,-0.5867969423868707,-0.16574606038758752
0.2913477223390832,-0.18750564364149172,-1.2191836186854457,-0.3359119439216839,-1.0968812160999926,-0.5979320307053378,-0.6879500668268567,-0.8796749837342946,-0.9004919819155196,-0.8176022178520799,-0.859960635066393,-0.9176239777244546,-0.7980151758438423,-0.08539325053948055,2.1406055123907715,1.1903217544553526,-1.3725978073943594,-1.5086290288668371,-1.025775980057195,-1.9110995588091138,0.973753863075256
